ID,선수명,연도,타수,안타,홈런,볼넷,삼진,타점,도루,타율,출루율,장타율,OPS,다음연도,다음OPS
1,안치홍,2021,421,129,10,52,58,82,3,0.306,0.379,0.458,0.837,2022.0,0.79
1,안치홍,2022,493,140,14,51,52,58,7,0.284,0.354,0.436,0.79,2023.0,0.774
1,안치홍,2023,425,124,8,49,53,63,3,0.292,0.374,0.4,0.774,2024.0,0.797
1,안치홍,2024,473,142,13,49,70,66,3,0.3,0.37,0.427,0.797,2025.0,0.475
1,안치홍,2025,174,30,2,16,39,18,3,0.172,0.245,0.23,0.475,,
2,안치영,2023,124,36,0,6,35,9,7,0.29,0.331,0.331,0.662,2024.0,0.533
2,안치영,2024,44,11,0,2,12,3,0,0.25,0.283,0.25,0.533,2025.0,0.645
2,안치영,2025,44,10,1,4,13,6,0,0.227,0.327,0.318,0.645,,
6,안익훈,2021,14,2,0,0,2,1,0,0.143,0.25,0.214,0.464,2022.0,0.25
6,안익훈,2022,3,0,0,1,0,0,0,0.0,0.25,0.0,0.25,2023.0,0.712
6,안익훈,2023,22,7,0,0,2,2,0,0.318,0.348,0.364,0.712,2024.0,0.445
6,안익훈,2024,49,9,0,4,13,3,2,0.184,0.241,0.204,0.445,,
8,안주형,2022,20,3,0,1,6,2,0,0.15,0.182,0.15,0.332,2023.0,0.626
8,안주형,2023,79,19,1,10,20,10,0,0.241,0.322,0.304,0.626,2024.0,0.511
8,안주형,2024,142,31,0,11,39,8,4,0.218,0.279,0.232,0.511,2025.0,0.69
8,안주형,2025,17,4,1,1,5,2,0,0.235,0.278,0.412,0.69,,
9,안정열,2021,125,29,3,27,25,16,0,0.232,0.37,0.344,0.714,2022.0,0.525
9,안정열,2022,71,11,2,11,19,2,0,0.155,0.286,0.239,0.525,2023.0,0.588
9,안정열,2023,154,30,4,16,45,17,0,0.195,0.276,0.312,0.588,2024.0,0.979
9,안정열,2024,21,6,2,3,7,4,0,0.286,0.36,0.619,0.979,2025.0,0.492
9,안정열,2025,49,7,0,8,15,6,0,0.143,0.288,0.204,0.492,,
10,안상현,2021,39,10,1,1,15,4,3,0.256,0.275,0.385,0.66,2022.0,0.589
10,안상현,2022,38,6,2,5,12,5,2,0.158,0.273,0.316,0.589,2023.0,0.595
10,안상현,2023,58,14,0,5,15,2,3,0.241,0.302,0.293,0.595,2024.0,0.402
10,안상현,2024,70,12,0,4,14,2,1,0.171,0.216,0.186,0.402,2025.0,0.694
10,안상현,2025,258,68,6,18,85,15,17,0.264,0.314,0.38,0.694,,
13,배정대,2021,510,132,12,65,132,68,19,0.259,0.353,0.378,0.731,2022.0,0.695
13,배정대,2022,508,135,6,54,126,56,19,0.266,0.339,0.356,0.695,2023.0,0.703
13,배정대,2023,311,86,2,38,76,38,13,0.277,0.356,0.347,0.703,2024.0,0.749
13,배정대,2024,404,111,7,50,114,59,9,0.275,0.355,0.394,0.749,2025.0,0.571
13,배정대,2025,240,49,2,19,65,28,6,0.204,0.279,0.292,0.571,,
15,백동훈,2021,3,0,0,0,2,0,0,0.0,0.0,0.0,0.0,,
21,백용환,2021,5,0,0,2,2,0,0,0.0,0.286,0.0,0.286,2021.0,
21,백용환,2021,81,12,4,9,24,4,0,0.148,0.258,0.309,0.567,2022.0,0.6
21,백용환,2022,5,1,0,0,1,0,0,0.2,0.2,0.4,0.6,,
22,박병호,2021,409,93,20,47,141,76,0,0.227,0.323,0.43,0.753,2022.0,0.908
22,박병호,2022,429,118,35,40,131,98,5,0.275,0.349,0.559,0.908,2023.0,0.8
22,박병호,2023,431,122,18,46,114,87,2,0.283,0.357,0.443,0.8,2024.0,0.638
22,박병호,2024,101,20,3,16,38,10,1,0.198,0.331,0.307,0.638,2024.0,
22,박병호,2024,249,61,20,31,83,60,3,0.245,0.333,0.506,0.839,2025.0,0.769
22,박병호,2025,196,39,15,27,70,33,0,0.199,0.315,0.454,0.769,,
25,박찬호,2021,418,103,1,54,73,59,9,0.246,0.331,0.313,0.644,2022.0,0.685
25,박찬호,2022,493,134,4,57,67,45,42,0.272,0.344,0.341,0.685,2023.0,0.734
25,박찬호,2023,452,136,3,40,56,52,30,0.301,0.356,0.378,0.734,2024.0,0.749
25,박찬호,2024,515,158,5,48,44,61,20,0.307,0.363,0.386,0.749,2025.0,0.722
25,박찬호,2025,516,148,5,62,69,42,27,0.287,0.363,0.359,0.722,,
28,박대온,2021,85,18,0,4,21,5,0,0.212,0.242,0.224,0.466,2022.0,0.428
28,박대온,2022,127,23,1,0,37,10,0,0.181,0.192,0.236,0.428,2023.0,0.757
28,박대온,2023,28,8,0,3,8,3,0,0.286,0.364,0.393,0.757,,
29,박동원,2021,413,103,22,53,114,83,2,0.249,0.342,0.46,0.802,2022.0,0.744
29,박동원,2022,33,7,1,7,8,4,0,0.212,0.35,0.394,0.744,2022.0,
29,박동원,2022,352,86,17,38,87,53,1,0.244,0.333,0.44,0.773,2023.0,0.777
29,박동원,2023,409,102,20,49,90,75,0,0.249,0.334,0.443,0.777,2024.0,0.81
29,박동원,2024,434,118,20,55,112,80,1,0.272,0.349,0.461,0.81,2025.0,0.797
29,박동원,2025,451,114,22,62,124,76,4,0.253,0.342,0.455,0.797,,
30,박건우,2021,458,149,6,50,72,63,13,0.325,0.4,0.441,0.841,2022.0,0.866
30,박건우,2022,408,137,10,44,62,61,3,0.336,0.408,0.458,0.866,2023.0,0.877
30,박건우,2023,458,146,12,56,71,85,7,0.319,0.397,0.48,0.877,2024.0,0.951
30,박건우,2024,323,111,13,33,54,53,4,0.344,0.409,0.542,0.951,2025.0,0.797
30,박건우,2025,384,111,9,47,63,67,6,0.289,0.37,0.427,0.797,,
33,박계범,2021,322,86,5,44,68,46,4,0.267,0.368,0.357,0.725,2022.0,0.607
33,박계범,2022,145,32,2,12,40,14,5,0.221,0.29,0.317,0.607,2023.0,0.576
33,박계범,2023,169,37,2,15,44,15,2,0.219,0.286,0.29,0.576,2024.0,0.667
33,박계범,2024,15,3,0,5,7,0,1,0.2,0.4,0.267,0.667,2025.0,0.673
33,박계범,2025,175,46,1,14,45,27,3,0.263,0.319,0.354,0.673,,
35,박경수,2021,239,46,9,34,76,33,0,0.192,0.301,0.347,0.648,2022.0,0.427
35,박경수,2022,166,20,3,24,70,10,0,0.12,0.234,0.193,0.427,2023.0,0.601
35,박경수,2023,185,37,1,30,46,12,0,0.2,0.315,0.286,0.601,2024.0,1.667
35,박경수,2024,3,2,0,0,1,1,0,0.667,0.667,1.0,1.667,,
39,박해민,2021,454,132,5,69,82,54,36,0.291,0.383,0.377,0.76,2022.0,0.715
39,박해민,2022,570,165,3,44,85,49,24,0.289,0.347,0.368,0.715,2023.0,0.707
39,박해민,2023,485,138,6,45,74,59,26,0.285,0.348,0.359,0.707,2024.0,0.695
39,박해민,2024,482,127,6,46,101,56,43,0.263,0.336,0.359,0.695,2025.0,0.725
39,박해민,2025,442,122,3,68,94,43,49,0.276,0.379,0.346,0.725,,
49,박정음,2021,14,0,0,2,3,1,4,0.0,0.167,0.0,0.167,,
52,박정현,2021,107,21,0,9,32,9,1,0.196,0.256,0.234,0.49,2022.0,0.606
52,박정현,2022,205,50,3,12,56,19,6,0.244,0.289,0.317,0.606,2023.0,0.513
52,박정현,2023,105,19,2,3,36,4,0,0.181,0.218,0.295,0.513,2025.0,
52,박정현,2025,2,0,0,0,1,0,0,0.0,0.0,0.0,0.0,,
55,박정우,2021,48,9,0,10,8,4,0,0.188,0.35,0.208,0.558,2022.0,0.666
55,박정우,2022,3,1,0,0,1,2,0,0.333,0.333,0.333,0.666,2023.0,0.666
55,박정우,2023,9,3,0,0,1,0,0,0.333,0.333,0.333,0.666,2024.0,0.733
55,박정우,2024,65,20,0,4,14,11,0,0.308,0.348,0.385,0.733,2025.0,0.706
55,박정우,2025,62,17,0,10,12,4,2,0.274,0.4,0.306,0.706,,
62,박주홍,2021,47,5,0,9,21,3,1,0.106,0.25,0.149,0.399,2022.0,0.619
62,박주홍,2022,49,11,0,8,18,3,0,0.224,0.333,0.286,0.619,2023.0,0.359
62,박주홍,2023,49,6,0,5,26,2,1,0.122,0.196,0.163,0.359,2024.0,0.397
62,박주홍,2024,49,5,0,10,17,1,2,0.102,0.254,0.143,0.397,2025.0,0.641
62,박주홍,2025,248,56,3,30,72,23,11,0.226,0.31,0.331,0.641,,
65,박준태,2021,46,9,0,10,16,4,1,0.196,0.362,0.261,0.623,2022.0,0.546
65,박준태,2022,70,11,1,11,33,10,0,0.157,0.289,0.257,0.546,2023.0,0.343
65,박준태,2023,14,2,0,1,7,1,0,0.143,0.2,0.143,0.343,,
66,박준영,2021,273,57,8,27,92,31,4,0.209,0.301,0.337,0.638,2022.0,0.63
66,박준영,2022,208,45,4,27,54,19,7,0.216,0.308,0.322,0.63,2023.0,0.707
66,박준영,2023,127,29,4,9,53,17,2,0.228,0.29,0.417,0.707,2024.0,0.722
66,박준영,2024,186,42,7,21,58,28,2,0.226,0.313,0.409,0.722,2025.0,0.628
66,박준영,2025,111,25,1,10,32,10,3,0.225,0.304,0.324,0.628,,
67,박민,2021,35,6,0,2,10,3,0,0.171,0.237,0.2,0.437,2022.0,0.0
67,박민,2022,2,0,0,0,0,0,0,0.0,0.0,0.0,0.0,2024.0,
67,박민,2024,29,8,0,1,7,2,0,0.276,0.3,0.414,0.714,2025.0,0.552
67,박민,2025,94,19,1,5,33,6,1,0.202,0.265,0.287,0.552,,
68,박민우,2021,180,47,1,22,23,18,12,0.261,0.36,0.339,0.699,2022.0,0.71
68,박민우,2022,390,104,4,42,55,38,21,0.267,0.351,0.359,0.71,2023.0,0.786
68,박민우,2023,452,143,2,40,57,46,26,0.316,0.381,0.405,0.786,2024.0,0.852
68,박민우,2024,457,150,8,54,79,50,32,0.328,0.406,0.446,0.852,2025.0,0.81
68,박민우,2025,404,122,3,44,64,67,28,0.302,0.384,0.426,0.81,,
71,박상건,2021,1,0,0,0,0,0,0,0.0,0.0,0.0,0.0,2022.0,0.647
71,박상건,2022,134,30,4,11,28,17,0,0.224,0.281,0.366,0.647,2023.0,0.522
71,박상건,2023,145,29,1,10,38,13,1,0.2,0.253,0.269,0.522,2024.0,0.78
71,박상건,2024,42,12,0,9,12,4,1,0.286,0.423,0.357,0.78,,
74,박세혁,2021,237,52,0,22,43,30,4,0.219,0.296,0.27,0.566,2022.0,0.636
74,박세혁,2022,351,87,3,33,71,41,2,0.248,0.32,0.316,0.636,2023.0,0.654
74,박세혁,2023,242,51,6,30,43,32,1,0.211,0.307,0.347,0.654,2024.0,0.682
74,박세혁,2024,148,39,1,14,43,10,4,0.264,0.337,0.345,0.682,2025.0,0.482
74,박세혁,2025,86,14,2,5,28,10,1,0.163,0.215,0.267,0.482,,
75,박석민,2021,171,44,10,27,43,41,0,0.257,0.361,0.48,0.841,2022.0,0.489
75,박석민,2022,47,7,0,9,8,2,0,0.149,0.298,0.191,0.489,2023.0,0.56
75,박석민,2023,88,17,1,14,22,8,0,0.193,0.321,0.239,0.56,,
76,박성한,2021,407,123,4,49,73,44,12,0.302,0.377,0.388,0.765,2022.0,0.749
76,박성한,2022,494,147,2,60,81,56,12,0.298,0.375,0.374,0.749,2023.0,0.713
76,박성한,2023,459,122,9,58,56,47,4,0.266,0.347,0.366,0.713,2024.0,0.791
76,박성한,2024,489,147,10,64,86,67,13,0.301,0.38,0.411,0.791,2025.0,0.765
76,박성한,2025,452,124,7,79,93,48,5,0.274,0.384,0.381,0.765,,
78,박승규,2021,66,12,3,9,9,5,1,0.182,0.299,0.333,0.632,2022.0,0.487
78,박승규,2022,74,16,0,3,15,4,2,0.216,0.244,0.243,0.487,2025.0,
78,박승규,2025,174,50,6,21,43,14,5,0.287,0.377,0.42,0.797,,
80,박승욱,2021,6,2,0,0,1,0,1,0.333,0.333,0.5,0.833,2022.0,0.59
80,박승욱,2022,198,45,1,16,69,16,8,0.227,0.292,0.298,0.59,2023.0,0.733
80,박승욱,2023,290,83,0,35,87,30,15,0.286,0.364,0.369,0.733,2024.0,0.716
80,박승욱,2024,405,106,7,47,120,53,4,0.262,0.351,0.365,0.716,2025.0,0.47
80,박승욱,2025,84,16,0,5,30,5,1,0.19,0.244,0.226,0.47,,
90,변우혁,2022,61,16,3,0,21,8,0,0.262,0.262,0.459,0.721,2023.0,0.664
90,변우혁,2023,200,45,7,23,74,24,0,0.225,0.314,0.35,0.664,2024.0,0.839
90,변우혁,2024,168,51,5,16,48,21,1,0.304,0.369,0.47,0.839,2025.0,0.543
90,변우혁,2025,142,31,0,10,47,17,0,0.218,0.275,0.268,0.543,,
95,채은성,2021,387,107,16,38,80,82,4,0.276,0.359,0.452,0.811,2022.0,0.791
95,채은성,2022,467,138,12,27,88,83,6,0.296,0.354,0.437,0.791,2023.0,0.779
95,채은성,2023,521,137,23,52,102,84,0,0.263,0.351,0.428,0.779,2024.0,0.814
95,채은성,2024,436,118,20,49,83,83,1,0.271,0.351,0.463,0.814,2025.0,0.814
95,채은성,2025,480,138,19,31,96,88,1,0.288,0.347,0.467,0.814,,
100,천성호,2021,42,12,0,3,9,4,1,0.286,0.362,0.31,0.672,2024.0,
100,천성호,2024,234,69,1,18,43,17,7,0.295,0.346,0.368,0.714,2025.0,0.659
100,천성호,2025,67,14,0,10,12,7,0,0.209,0.346,0.313,0.659,2025.0,
100,천성호,2025,106,27,1,7,17,10,3,0.255,0.307,0.34,0.647,,
110,최항,2021,69,19,0,6,16,7,1,0.275,0.346,0.333,0.679,2022.0,0.308
110,최항,2022,20,2,0,2,7,1,0,0.1,0.208,0.1,0.308,2023.0,0.811
110,최항,2023,28,8,1,5,12,6,0,0.286,0.382,0.429,0.811,2024.0,0.596
110,최항,2024,132,33,0,10,32,12,0,0.25,0.308,0.288,0.596,2025.0,0.453
110,최항,2025,6,1,0,1,4,1,0,0.167,0.286,0.167,0.453,,
115,최현우,2021,373,87,12,67,67,55,0,0.233,0.354,0.375,0.729,2022.0,0.787
115,최현우,2022,454,120,14,73,92,71,1,0.264,0.366,0.421,0.787,2023.0,0.887
115,최현우,2023,431,130,17,65,83,81,0,0.302,0.4,0.487,0.887,2024.0,0.86
115,최현우,2024,425,119,22,52,86,109,1,0.28,0.361,0.499,0.86,2025.0,0.928
115,최현우,2025,469,144,24,67,98,86,1,0.307,0.399,0.529,0.928,,
117,최인호,2021,136,28,4,24,43,23,2,0.206,0.329,0.338,0.667,2023.0,
117,최인호,2023,131,39,2,10,22,11,1,0.298,0.363,0.427,0.79,2024.0,0.762
117,최인호,2024,210,60,2,25,31,22,3,0.286,0.367,0.395,0.762,2025.0,0.709
117,최인호,2025,139,36,2,13,29,19,1,0.259,0.342,0.367,0.709,,
118,최재훈,2021,375,103,7,72,68,44,3,0.275,0.405,0.387,0.792,2022.0,0.641
118,최재훈,2022,364,81,5,44,65,30,1,0.223,0.339,0.302,0.641,2023.0,0.686
118,최재훈,2023,327,81,1,56,48,33,1,0.248,0.392,0.294,0.686,2024.0,0.707
118,최재훈,2024,280,72,4,33,58,37,0,0.257,0.371,0.336,0.707,2025.0,0.767
118,최재훈,2025,269,77,1,46,48,35,1,0.286,0.414,0.353,0.767,,
120,최정,2021,436,121,35,84,102,100,8,0.278,0.41,0.562,0.972,2022.0,0.891
120,최정,2022,414,110,26,66,96,87,12,0.266,0.386,0.505,0.891,2023.0,0.936
120,최정,2023,471,140,29,59,87,87,7,0.297,0.388,0.548,0.936,2024.0,0.978
120,최정,2024,468,136,37,55,114,107,5,0.291,0.384,0.594,0.978,2025.0,0.842
120,최정,2025,340,83,23,51,94,63,1,0.244,0.36,0.482,0.842,,
121,최정민,2021,15,5,0,3,7,1,2,0.333,0.474,0.333,0.807,,
122,최정원,2021,212,60,0,18,40,8,10,0.283,0.35,0.321,0.671,2023.0,
122,최정원,2023,50,13,0,1,13,5,4,0.26,0.315,0.4,0.715,2024.0,0.721
122,최정원,2024,131,37,1,17,34,14,7,0.282,0.377,0.344,0.721,2025.0,0.717
122,최정원,2025,120,33,0,18,22,11,30,0.275,0.417,0.3,0.717,,
123,최정용,2021,52,10,0,9,16,2,2,0.192,0.306,0.212,0.518,2022.0,0.182
123,최정용,2022,22,2,0,0,6,0,0,0.091,0.091,0.091,0.182,2023.0,0.405
123,최정용,2023,36,6,0,2,9,1,4,0.167,0.211,0.194,0.405,2024.0,0.432
123,최정용,2024,11,2,0,1,4,1,0,0.182,0.25,0.182,0.432,2025.0,0.334
123,최정용,2025,6,1,0,0,2,0,0,0.167,0.167,0.167,0.334,,
124,최지훈,2021,461,121,5,51,71,45,26,0.262,0.342,0.362,0.704,2022.0,0.789
124,최지훈,2022,569,173,10,47,77,61,31,0.304,0.362,0.427,0.789,2023.0,0.672
124,최지훈,2023,462,124,2,29,50,30,21,0.268,0.315,0.357,0.672,2024.0,0.763
124,최지훈,2024,483,133,11,50,71,49,32,0.275,0.345,0.418,0.763,2025.0,0.713
124,최지훈,2025,517,147,7,43,87,45,28,0.284,0.342,0.371,0.713,,
126,최주환,2021,406,104,18,53,84,67,2,0.256,0.353,0.429,0.782,2022.0,0.65
126,최주환,2022,298,63,9,29,55,41,0,0.211,0.288,0.362,0.65,2023.0,0.742
126,최주환,2023,426,100,20,44,94,63,0,0.235,0.31,0.432,0.742,2024.0,0.715
126,최주환,2024,482,124,13,47,92,84,0,0.257,0.325,0.39,0.715,2025.0,0.755
126,최주환,2025,459,126,12,36,66,74,0,0.275,0.33,0.425,0.755,,
128,최준우,2022,12,3,0,3,3,1,0,0.25,0.375,0.25,0.625,2023.0,0.631
128,최준우,2023,60,16,0,8,10,6,0,0.267,0.348,0.283,0.631,2024.0,0.761
128,최준우,2024,25,6,0,9,8,5,0,0.24,0.441,0.32,0.761,2025.0,0.578
128,최준우,2025,152,29,3,30,47,22,2,0.191,0.328,0.25,0.578,,
132,최승민,2021,31,7,0,1,7,1,4,0.226,0.25,0.258,0.508,2022.0,0.648
132,최승민,2022,34,11,0,0,7,3,6,0.324,0.324,0.324,0.648,2023.0,0.204
132,최승민,2023,14,1,0,1,4,1,8,0.071,0.133,0.071,0.204,2024.0,0.277
132,최승민,2024,13,1,0,2,3,1,11,0.077,0.2,0.077,0.277,2025.0,0.167
132,최승민,2025,5,0,0,1,2,0,1,0.0,0.167,0.0,0.167,,
134,최원준,2021,589,174,4,61,68,44,40,0.295,0.37,0.372,0.742,2023.0,
134,최원준,2023,239,61,1,31,39,23,13,0.255,0.341,0.331,0.672,2024.0,0.791
134,최원준,2024,438,128,9,50,66,56,21,0.292,0.371,0.42,0.791,2025.0,0.595
134,최원준,2025,227,52,4,15,43,19,9,0.229,0.282,0.313,0.595,2025.0,
134,최원준,2025,186,48,2,8,28,25,17,0.258,0.297,0.355,0.652,,
136,최영진,2021,57,16,1,5,12,6,1,0.281,0.349,0.421,0.77,2022.0,0.591
136,최영진,2022,80,15,2,8,20,10,2,0.188,0.278,0.313,0.591,,
138,추재현,2021,262,66,5,26,57,26,4,0.252,0.336,0.366,0.702,2022.0,0.611
138,추재현,2022,58,13,0,7,17,5,1,0.224,0.318,0.293,0.611,2025.0,
138,추재현,2025,81,18,1,3,17,7,0,0.222,0.259,0.321,0.58,,
142,도태훈,2021,66,12,1,6,14,9,1,0.182,0.289,0.242,0.531,2022.0,0.591
142,도태훈,2022,139,30,2,13,23,13,0,0.216,0.282,0.309,0.591,2023.0,0.698
142,도태훈,2023,239,56,5,38,48,23,2,0.234,0.376,0.322,0.698,2024.0,0.586
142,도태훈,2024,145,31,0,24,29,15,1,0.214,0.345,0.241,0.586,2025.0,0.614
142,도태훈,2025,77,14,1,7,16,8,3,0.182,0.315,0.299,0.614,,
145,강백호,2021,516,179,16,103,85,102,10,0.347,0.45,0.521,0.971,2022.0,0.683
145,강백호,2022,237,58,6,23,44,29,0,0.245,0.312,0.371,0.683,2023.0,0.763
145,강백호,2023,238,63,8,31,55,39,3,0.265,0.347,0.416,0.763,2024.0,0.84
145,강백호,2024,550,159,26,59,127,96,6,0.289,0.36,0.48,0.84,2025.0,0.825
145,강백호,2025,321,85,15,44,64,61,2,0.265,0.358,0.467,0.825,,
152,강경학,2021,22,3,0,4,10,0,1,0.136,0.269,0.136,0.405,2021.0,
152,강경학,2021,11,2,0,1,3,1,0,0.182,0.308,0.182,0.49,,
154,강한울,2021,223,58,0,29,58,27,2,0.26,0.341,0.283,0.624,2022.0,0.773
154,강한울,2022,226,73,1,20,48,26,4,0.323,0.375,0.398,0.773,2023.0,0.551
154,강한울,2023,212,46,0,20,54,10,1,0.217,0.282,0.269,0.551,2024.0,0.186
154,강한울,2024,21,2,0,0,6,1,0,0.095,0.091,0.095,0.186,,
160,강진성,2021,406,101,7,36,68,38,9,0.249,0.33,0.35,0.68,2022.0,0.505
160,강진성,2022,80,13,1,11,20,8,4,0.163,0.28,0.225,0.505,2023.0,0.666
160,강진성,2023,3,1,0,0,0,0,0,0.333,0.333,0.333,0.666,2023.0,
160,강진성,2023,131,34,3,6,20,17,0,0.26,0.305,0.389,0.694,2024.0,0.452
160,강진성,2024,27,5,0,3,5,2,0,0.185,0.267,0.185,0.452,2025.0,0.49
160,강진성,2025,11,2,0,2,1,1,0,0.182,0.308,0.182,0.49,,
162,강민국,2021,45,11,0,3,6,4,0,0.244,0.292,0.289,0.581,2022.0,0.25
162,강민국,2022,3,0,0,1,1,1,0,0.0,0.25,0.0,0.25,,
163,강민호,2021,406,118,18,45,53,67,0,0.291,0.361,0.478,0.839,2022.0,0.739
163,강민호,2022,396,102,13,41,58,66,0,0.258,0.33,0.409,0.739,2023.0,0.811
163,강민호,2023,434,126,16,49,65,77,6,0.29,0.366,0.445,0.811,2024.0,0.861
163,강민호,2024,403,122,19,35,52,77,3,0.303,0.365,0.496,0.861,2025.0,0.753
163,강민호,2025,412,111,12,38,69,71,2,0.269,0.336,0.417,0.753,,
167,강승호,2021,301,72,7,22,78,37,8,0.239,0.301,0.375,0.676,2022.0,0.709
167,강승호,2022,444,117,10,29,100,62,13,0.264,0.31,0.399,0.709,2023.0,0.703
167,강승호,2023,419,111,7,27,110,59,13,0.265,0.316,0.387,0.703,2024.0,0.804
167,강승호,2024,521,146,18,32,158,81,16,0.28,0.328,0.476,0.804,2025.0,0.674
167,강승호,2025,360,85,8,24,113,37,14,0.236,0.302,0.372,0.674,,
168,강태율,2021,26,2,1,4,10,5,0,0.077,0.194,0.231,0.425,2022.0,0.296
168,강태율,2022,32,3,0,2,9,3,0,0.094,0.171,0.125,0.296,2024.0,
168,강태율,2024,10,0,0,0,4,0,0,0.0,0.0,0.0,0.0,,
175,김병희,2021,52,15,5,13,15,13,3,0.288,0.456,0.635,1.091,2022.0,0.564
175,김병희,2022,74,15,1,7,26,6,0,0.203,0.294,0.27,0.564,2023.0,0.111
175,김병희,2023,8,0,0,1,4,0,0,0.0,0.111,0.0,0.111,,
176,김병휘,2021,10,2,0,1,2,0,0,0.2,0.273,0.2,0.473,2023.0,
176,김병휘,2023,21,3,0,0,8,1,0,0.143,0.143,0.19,0.333,2024.0,0.571
176,김병휘,2024,59,10,1,6,26,3,0,0.169,0.3,0.271,0.571,2025.0,0.75
176,김병휘,2025,4,1,0,2,1,0,0,0.25,0.5,0.25,0.75,,
179,김찬형,2021,22,8,0,2,5,1,0,0.364,0.44,0.409,0.849,2021.0,
179,김찬형,2021,110,22,2,14,27,6,0,0.2,0.307,0.309,0.616,2023.0,
179,김찬형,2023,48,11,1,2,10,5,0,0.229,0.275,0.354,0.629,2024.0,0.0
179,김찬형,2024,9,0,0,0,4,0,0,0.0,0.0,0.0,0.0,2025.0,0.426
179,김찬형,2025,73,13,0,3,13,5,0,0.178,0.221,0.205,0.426,,
181,김대한,2022,96,23,4,5,27,11,2,0.24,0.315,0.448,0.763,2023.0,0.566
181,김대한,2023,81,16,1,7,21,7,1,0.198,0.27,0.296,0.566,2024.0,0.417
181,김대한,2024,75,10,1,8,26,7,1,0.133,0.23,0.187,0.417,2025.0,0.494
181,김대한,2025,36,7,1,1,6,5,0,0.194,0.216,0.278,0.494,,
185,김도환,2021,41,6,0,2,20,1,0,0.146,0.222,0.195,0.417,2023.0,
185,김도환,2023,7,1,0,1,0,0,0,0.143,0.25,0.143,0.393,2024.0,0.0
185,김도환,2024,3,0,0,0,1,0,0,0.0,0.0,0.0,0.0,2025.0,0.643
185,김도환,2025,14,4,0,0,4,1,0,0.286,0.286,0.357,0.643,,
193,김동엽,2021,185,44,4,10,42,24,2,0.238,0.286,0.351,0.637,2022.0,0.587
193,김동엽,2022,95,21,2,4,22,4,0,0.221,0.25,0.337,0.587,2023.0,0.701
193,김동엽,2023,165,42,5,13,29,18,1,0.255,0.313,0.388,0.701,2024.0,0.357
193,김동엽,2024,18,2,0,1,5,2,0,0.111,0.19,0.167,0.357,2025.0,0.572
193,김동엽,2025,27,6,0,2,11,2,0,0.222,0.276,0.296,0.572,,
195,김응민,2021,2,0,0,0,0,0,0,0.0,0.0,0.0,0.0,2022.0,0.386
195,김응민,2022,67,9,1,3,12,5,0,0.134,0.192,0.194,0.386,,
196,김강민,2021,223,53,8,25,52,27,3,0.238,0.327,0.404,0.731,2022.0,0.824
196,김강민,2022,178,54,5,18,39,18,1,0.303,0.375,0.449,0.824,2023.0,0.627
196,김강민,2023,137,31,2,23,38,7,2,0.226,0.335,0.292,0.627,2024.0,0.585
196,김강민,2024,76,17,1,8,21,7,0,0.224,0.322,0.263,0.585,,
209,김규성,2021,36,5,0,5,17,2,0,0.139,0.244,0.167,0.411,2022.0,0.476
209,김규성,2022,50,9,1,1,12,4,0,0.18,0.196,0.28,0.476,2023.0,0.62
209,김규성,2023,158,37,2,13,43,11,6,0.234,0.297,0.323,0.62,2024.0,0.69
209,김규성,2024,12,3,0,2,4,2,1,0.25,0.357,0.333,0.69,2025.0,0.614
209,김규성,2025,193,45,3,21,49,16,5,0.233,0.313,0.301,0.614,,
214,김헌곤,2021,317,89,4,34,46,27,5,0.281,0.355,0.356,0.711,2022.0,0.465
214,김헌곤,2022,224,43,1,9,22,20,3,0.192,0.224,0.241,0.465,2023.0,0.0
214,김헌곤,2023,4,0,0,0,1,0,0,0.0,0.0,0.0,0.0,2024.0,0.792
214,김헌곤,2024,281,85,9,22,50,34,4,0.302,0.358,0.434,0.792,2025.0,0.581
214,김헌곤,2025,173,39,2,11,29,11,2,0.225,0.286,0.295,0.581,,
218,김호재,2021,75,17,0,9,14,7,0,0.227,0.322,0.253,0.575,2022.0,0.351
218,김호재,2022,28,4,0,1,9,1,0,0.143,0.172,0.179,0.351,2023.0,0.53
218,김호재,2023,116,25,0,6,17,9,2,0.216,0.254,0.276,0.53,,
219,김호령,2021,130,27,4,16,44,15,4,0.208,0.322,0.315,0.637,2022.0,0.684
219,김호령,2022,77,21,1,7,22,8,2,0.273,0.333,0.351,0.684,2023.0,0.503
219,김호령,2023,95,17,0,8,38,6,1,0.179,0.25,0.253,0.503,2024.0,0.459
219,김호령,2024,59,8,1,8,25,4,3,0.136,0.239,0.22,0.459,2025.0,0.793
219,김호령,2025,332,94,6,34,94,39,12,0.283,0.359,0.434,0.793,,
221,김휘집,2021,70,9,1,13,23,8,1,0.129,0.279,0.186,0.465,2022.0,0.662
221,김휘집,2022,333,74,8,39,115,36,0,0.222,0.326,0.336,0.662,2023.0,0.712
221,김휘집,2023,369,92,8,48,97,51,0,0.249,0.338,0.374,0.712,2024.0,0.678
221,김휘집,2024,174,40,5,15,49,25,0,0.23,0.299,0.379,0.678,2024.0,
221,김휘집,2024,314,86,11,37,70,48,4,0.274,0.357,0.427,0.784,2025.0,0.769
221,김휘집,2025,429,107,17,40,89,56,10,0.249,0.349,0.42,0.769,,
223,김형준,2023,72,17,6,8,24,13,0,0.236,0.321,0.514,0.835,2024.0,0.658
223,김형준,2024,354,69,17,45,144,50,0,0.195,0.285,0.373,0.658,2025.0,0.734
223,김형준,2025,362,84,18,45,126,55,3,0.232,0.32,0.414,0.734,,
226,김현수,2021,506,144,17,77,42,96,3,0.285,0.376,0.435,0.811,2022.0,0.848
226,김현수,2022,524,150,23,71,62,106,2,0.286,0.375,0.473,0.848,2023.0,0.747
226,김현수,2023,488,143,6,58,53,88,2,0.293,0.364,0.383,0.747,2024.0,0.775
226,김현수,2024,517,152,8,47,76,69,6,0.294,0.357,0.418,0.775,2025.0,0.806
226,김현수,2025,483,144,12,64,73,90,4,0.298,0.384,0.422,0.806,,
227,김혜성,2021,559,170,3,65,97,66,46,0.304,0.372,0.367,0.739,2022.0,0.776
227,김혜성,2022,516,164,4,47,83,48,34,0.318,0.373,0.403,0.776,2023.0,0.842
227,김혜성,2023,556,186,7,57,77,57,25,0.335,0.396,0.446,0.842,2024.0,0.841
227,김혜성,2024,509,166,11,47,62,75,30,0.326,0.383,0.458,0.841,,
233,김인환,2022,398,104,16,24,111,54,2,0.261,0.305,0.417,0.722,2023.0,0.639
233,김인환,2023,325,73,7,35,91,42,1,0.225,0.301,0.338,0.639,2024.0,0.576
233,김인환,2024,131,31,1,10,32,7,0,0.237,0.301,0.275,0.576,2025.0,0.315
233,김인환,2025,25,2,1,1,9,3,0,0.08,0.115,0.2,0.315,,
235,김인태,2021,344,89,8,62,67,46,0,0.259,0.373,0.378,0.751,2022.0,0.702
235,김인태,2022,235,58,5,41,47,25,1,0.247,0.366,0.336,0.702,2023.0,0.697
235,김인태,2023,98,25,1,15,26,14,2,0.255,0.36,0.337,0.697,2024.0,0.535
235,김인태,2024,23,4,1,2,7,2,0,0.174,0.231,0.304,0.535,2025.0,0.684
235,김인태,2025,183,39,3,36,57,25,0,0.213,0.356,0.328,0.684,,
239,김재호,2021,211,44,1,29,34,24,1,0.209,0.306,0.261,0.567,2022.0,0.564
239,김재호,2022,223,48,1,28,33,21,0,0.215,0.304,0.26,0.564,2023.0,0.748
239,김재호,2023,247,70,3,30,24,29,4,0.283,0.376,0.372,0.748,2024.0,0.76
239,김재호,2024,126,38,1,19,23,11,0,0.302,0.395,0.365,0.76,,
240,김재환,2021,475,130,27,81,127,102,2,0.274,0.382,0.501,0.883,2022.0,0.8
240,김재환,2022,448,111,23,61,133,72,2,0.248,0.34,0.46,0.8,2023.0,0.674
240,김재환,2023,405,89,10,72,100,46,3,0.22,0.343,0.331,0.674,2024.0,0.893
240,김재환,2024,474,134,29,63,168,92,1,0.283,0.368,0.525,0.893,2025.0,0.758
240,김재환,2025,344,83,13,57,96,50,7,0.241,0.354,0.404,0.758,,
241,김재현,2021,46,10,0,3,12,8,0,0.217,0.265,0.37,0.635,2022.0,0.526
241,김재현,2022,82,17,1,2,19,9,0,0.207,0.233,0.293,0.526,2022.0,
241,김재현,2022,18,4,0,0,3,4,0,0.222,0.222,0.278,0.5,2023.0,0.222
241,김재현,2023,9,1,0,0,3,0,0,0.111,0.111,0.111,0.222,2024.0,0.578
241,김재현,2024,288,70,0,14,63,26,1,0.243,0.297,0.281,0.578,2025.0,0.484
241,김재현,2025,120,25,0,1,31,5,1,0.208,0.234,0.25,0.484,,
243,김재성,2021,65,9,1,5,13,3,1,0.138,0.208,0.246,0.454,2022.0,0.855
243,김재성,2022,161,54,3,18,40,26,0,0.335,0.402,0.453,0.855,2023.0,0.603
243,김재성,2023,99,19,1,19,31,7,0,0.192,0.35,0.253,0.603,2024.0,0.554
243,김재성,2024,20,4,0,3,5,1,0,0.2,0.304,0.25,0.554,2025.0,0.381
243,김재성,2025,63,8,0,6,23,4,0,0.127,0.222,0.159,0.381,,
244,김재유,2021,174,50,1,10,36,18,7,0.287,0.34,0.351,0.691,,
249,김지찬,2021,296,81,1,27,31,26,23,0.274,0.331,0.304,0.635,2022.0,0.693
249,김지찬,2022,361,101,0,45,64,25,25,0.28,0.361,0.332,0.693,2023.0,0.738
249,김지찬,2023,291,85,1,48,36,18,13,0.292,0.408,0.33,0.738,2024.0,0.789
249,김지찬,2024,453,143,3,60,40,36,42,0.316,0.405,0.384,0.789,2025.0,0.686
249,김지찬,2025,317,89,0,38,44,23,22,0.281,0.364,0.322,0.686,,
271,김주형,2021,50,9,0,4,15,5,1,0.18,0.388,0.24,0.628,2022.0,0.614
271,김주형,2022,110,22,1,4,29,5,1,0.2,0.305,0.309,0.614,2023.0,0.432
271,김주형,2023,68,10,0,9,27,4,0,0.147,0.256,0.176,0.432,2024.0,0.442
271,김주형,2024,20,3,0,1,9,2,0,0.15,0.292,0.15,0.442,,
273,김준태,2021,111,23,4,17,35,15,0,0.207,0.313,0.36,0.673,2021.0,
273,김준태,2021,17,2,0,1,5,0,0,0.118,0.167,0.118,0.285,2022.0,0.763
273,김준태,2022,231,63,4,33,77,27,2,0.273,0.36,0.403,0.763,2023.0,0.648
273,김준태,2023,115,24,3,19,32,23,1,0.209,0.326,0.322,0.648,2024.0,0.687
273,김준태,2024,25,6,0,5,6,3,0,0.24,0.367,0.32,0.687,2025.0,2.0
273,김준태,2025,1,1,0,1,0,0,0,1.0,1.0,1.0,2.0,,
274,김준완,2021,12,2,0,2,0,1,0,0.167,0.286,0.333,0.619,2022.0,0.585
274,김준완,2022,317,61,1,64,71,28,1,0.192,0.339,0.246,0.585,2023.0,0.574
274,김준완,2023,189,42,0,26,57,14,0,0.222,0.315,0.259,0.574,,
275,김주성,2021,6,1,1,1,3,1,0,0.167,0.286,0.667,0.953,2023.0,
275,김주성,2023,5,1,0,1,2,0,0,0.2,0.429,0.2,0.629,2024.0,0.611
275,김주성,2024,6,1,0,3,0,0,0,0.167,0.444,0.167,0.611,2025.0,0.694
275,김주성,2025,15,3,1,1,2,1,0,0.2,0.294,0.4,0.694,,
276,김주원,2021,166,40,5,17,57,16,6,0.241,0.316,0.386,0.702,2022.0,0.719
276,김주원,2022,273,61,10,30,89,47,10,0.223,0.331,0.388,0.719,2023.0,0.668
276,김주원,2023,403,94,10,44,106,54,15,0.233,0.328,0.34,0.668,2024.0,0.75
276,김주원,2024,385,97,9,51,111,49,16,0.252,0.371,0.379,0.75,2025.0,0.83
276,김주원,2025,539,156,15,63,111,65,44,0.289,0.379,0.451,0.83,,
279,김민하,2021,115,24,1,17,36,17,6,0.209,0.345,0.287,0.632,,
281,김민혁,2021,172,55,1,20,26,13,6,0.32,0.397,0.395,0.792,2021.0,
281,김민혁,2021,6,0,0,2,2,0,0,0.0,0.25,0.0,0.25,2022.0,0.671
281,김민혁,2022,373,106,0,37,62,35,6,0.284,0.349,0.322,0.671,2022.0,
281,김민혁,2022,88,25,5,7,25,16,0,0.284,0.351,0.477,0.828,2023.0,0.741
281,김민혁,2023,397,118,3,36,48,41,11,0.297,0.356,0.385,0.741,2023.0,
281,김민혁,2023,29,4,0,4,9,3,0,0.138,0.25,0.172,0.422,2024.0,0.829
281,김민혁,2024,351,124,1,35,45,34,4,0.353,0.41,0.419,0.829,2024.0,
281,김민혁,2024,5,1,1,3,3,2,0,0.2,0.5,0.8,1.3,2025.0,0.67
281,김민혁,2025,380,109,0,25,41,35,11,0.287,0.341,0.329,0.67,2025.0,
281,김민혁,2025,17,2,1,4,6,1,0,0.118,0.286,0.294,0.58,,
283,김민성,2021,360,80,8,42,73,39,3,0.222,0.313,0.35,0.663,2022.0,0.573
283,김민성,2022,140,29,3,10,27,20,0,0.207,0.273,0.3,0.573,2023.0,0.703
283,김민성,2023,273,68,8,25,58,41,2,0.249,0.326,0.377,0.703,2024.0,0.678
283,김민성,2024,70,14,2,10,18,8,0,0.2,0.321,0.357,0.678,2025.0,0.699
283,김민성,2025,214,52,3,33,48,35,0,0.243,0.353,0.346,0.699,,
284,김민식,2021,250,55,3,41,49,26,0,0.22,0.336,0.288,0.624,2022.0,0.644
284,김민식,2022,54,13,1,6,12,6,0,0.241,0.311,0.333,0.644,2022.0,
284,김민식,2022,168,36,1,26,33,22,0,0.214,0.323,0.286,0.609,2023.0,0.618
284,김민식,2023,266,58,5,31,57,34,0,0.218,0.302,0.316,0.618,2024.0,0.594
284,김민식,2024,106,22,1,16,33,10,0,0.208,0.311,0.283,0.594,,
285,김민수,2021,76,20,3,6,13,13,0,0.263,0.318,0.447,0.765,2021.0,
285,김민수,2021,199,48,3,18,62,25,0,0.241,0.312,0.352,0.664,2022.0,0.62
285,김민수,2022,140,36,0,9,48,11,0,0.257,0.32,0.3,0.62,2023.0,0.0
285,김민수,2023,1,0,0,0,1,0,0,0.0,0.0,0.0,0.0,2023.0,
285,김민수,2023,43,9,0,7,17,2,0,0.209,0.32,0.279,0.599,2024.0,0.875
285,김민수,2024,8,2,1,0,1,3,0,0.25,0.25,0.625,0.875,2024.0,
285,김민수,2024,20,3,0,1,4,0,0,0.15,0.227,0.15,0.377,2025.0,0.413
285,김민수,2025,11,2,0,1,6,1,1,0.182,0.231,0.182,0.413,,
298,김상수,2021,429,101,3,52,51,42,4,0.235,0.32,0.301,0.621,2022.0,0.628
298,김상수,2022,235,59,2,18,44,29,2,0.251,0.305,0.323,0.628,2023.0,0.692
298,김상수,2023,443,120,3,55,68,56,5,0.271,0.353,0.339,0.692,2024.0,0.73
298,김상수,2024,369,102,4,37,59,45,3,0.276,0.351,0.379,0.73,2025.0,0.684
298,김상수,2025,355,90,5,52,57,47,3,0.254,0.349,0.335,0.684,,
300,김석환,2021,19,5,1,0,7,3,0,0.263,0.3,0.421,0.721,2022.0,0.518
300,김석환,2022,94,14,3,10,32,7,0,0.149,0.252,0.266,0.518,2023.0,0.374
300,김석환,2023,23,3,0,2,9,3,0,0.13,0.2,0.174,0.374,2025.0,
300,김석환,2025,117,31,2,14,55,16,0,0.265,0.351,0.359,0.71,,
302,김선빈,2021,501,154,5,56,39,67,0,0.307,0.375,0.401,0.776,2022.0,0.723
302,김선빈,2022,505,145,3,65,47,61,13,0.287,0.373,0.35,0.723,2023.0,0.739
302,김선빈,2023,419,134,0,38,26,48,3,0.32,0.381,0.358,0.739,2024.0,0.827
302,김선빈,2024,423,139,9,30,39,57,5,0.329,0.38,0.447,0.827,2025.0,0.823
302,김선빈,2025,271,87,3,31,35,46,4,0.321,0.395,0.428,0.823,,
306,김성현,2021,237,67,6,29,29,37,5,0.283,0.356,0.422,0.778,2022.0,0.57
306,김성현,2022,302,66,2,31,36,37,3,0.219,0.295,0.275,0.57,2023.0,0.651
306,김성현,2023,310,83,1,29,36,27,4,0.268,0.328,0.323,0.651,2024.0,0.605
306,김성현,2024,141,32,1,16,28,15,2,0.227,0.321,0.284,0.605,2025.0,0.586
306,김성현,2025,115,25,1,16,20,11,1,0.217,0.316,0.27,0.586,,
308,김선국,2023,179,40,6,16,63,16,6,0.223,0.303,0.38,0.683,2024.0,0.671
308,김선국,2024,358,73,17,31,79,60,10,0.204,0.291,0.38,0.671,2025.0,0.154
308,김선국,2025,13,1,0,0,6,0,0,0.077,0.077,0.077,0.154,2025.0,
308,김선국,2025,110,23,2,7,29,13,1,0.209,0.263,0.318,0.581,,
309,김성윤,2021,18,3,0,0,5,2,0,0.167,0.158,0.167,0.325,2022.0,0.625
309,김성윤,2022,42,8,1,5,10,2,10,0.19,0.292,0.333,0.625,2023.0,0.758
309,김성윤,2023,245,77,2,14,35,28,20,0.314,0.354,0.404,0.758,2024.0,0.623
309,김성윤,2024,74,18,0,9,16,6,3,0.243,0.326,0.297,0.623,2025.0,0.893
309,김성윤,2025,456,151,6,65,54,61,26,0.331,0.419,0.474,0.893,,
316,김수환,2021,41,9,2,2,17,5,0,0.22,0.25,0.415,0.665,2022.0,0.604
316,김수환,2022,140,25,4,21,56,14,0,0.179,0.297,0.307,0.604,2023.0,0.639
316,김수환,2023,97,21,2,11,36,15,0,0.216,0.319,0.32,0.639,2024.0,0.0
316,김수환,2024,3,0,0,0,1,0,0,0.0,0.0,0.0,0.0,,
318,김수윤,2021,7,0,0,0,2,0,0,0.0,0.0,0.0,0.0,2022.0,0.52
318,김수윤,2022,17,2,1,1,7,2,0,0.118,0.167,0.353,0.52,2023.0,0.481
318,김수윤,2023,14,3,0,1,4,2,0,0.214,0.267,0.214,0.481,2024.0,0.522
318,김수윤,2024,9,2,0,1,4,0,0,0.222,0.3,0.222,0.522,2025.0,0.258
318,김수윤,2025,11,1,0,0,4,0,0,0.091,0.167,0.091,0.258,,
319,김태군,2021,232,51,7,21,30,24,0,0.22,0.311,0.341,0.652,2022.0,0.738
319,김태군,2022,205,61,2,17,34,25,0,0.298,0.358,0.38,0.738,2023.0,0.657
319,김태군,2023,125,32,1,10,11,18,0,0.256,0.329,0.328,0.657,2023.0,
319,김태군,2023,186,48,0,5,19,24,2,0.258,0.288,0.29,0.578,2024.0,0.711
319,김태군,2024,235,62,7,12,24,34,0,0.264,0.328,0.383,0.711,2025.0,0.704
319,김태군,2025,236,61,5,17,20,31,0,0.258,0.331,0.373,0.704,,
321,김태훈,2021,87,20,1,2,19,6,1,0.23,0.256,0.333,0.589,2022.0,0.0
321,김태훈,2022,10,0,0,0,2,0,0,0.0,0.0,0.0,0.0,2023.0,0.238
321,김태훈,2023,21,2,0,0,9,1,0,0.095,0.095,0.143,0.238,2024.0,0.488
321,김태훈,2024,20,4,0,0,3,1,0,0.2,0.238,0.25,0.488,2025.0,0.572
321,김태훈,2025,93,22,2,3,24,8,1,0.237,0.26,0.312,0.572,,
323,김태진,2021,381,105,1,23,64,36,8,0.276,0.314,0.341,0.655,2022.0,0.0
323,김태진,2022,4,0,0,0,2,0,0,0.0,0.0,0.0,0.0,2022.0,
323,김태진,2022,250,68,0,17,28,20,1,0.272,0.32,0.3,0.62,2023.0,0.592
323,김태진,2023,200,55,0,5,23,16,0,0.275,0.292,0.3,0.592,2024.0,0.535
323,김태진,2024,189,42,0,7,27,10,0,0.222,0.249,0.286,0.535,2025.0,0.622
323,김태진,2025,279,65,5,20,53,25,1,0.233,0.281,0.341,0.622,,
326,김태연,2021,176,53,3,34,44,34,5,0.301,0.418,0.42,0.838,2022.0,0.662
326,김태연,2022,404,97,7,48,106,53,3,0.24,0.325,0.337,0.662,2023.0,0.7
326,김태연,2023,245,64,4,27,59,25,5,0.261,0.337,0.363,0.7,2024.0,0.799
326,김태연,2024,413,120,12,45,89,61,5,0.291,0.363,0.436,0.799,2025.0,0.669
326,김태연,2025,303,79,3,23,62,20,5,0.261,0.329,0.34,0.669,,
328,김웅빈,2021,232,56,6,34,73,35,1,0.241,0.357,0.384,0.741,2022.0,0.639
328,김웅빈,2022,115,26,1,13,38,11,0,0.226,0.326,0.313,0.639,2023.0,0.504
328,김웅빈,2023,64,12,0,6,20,9,0,0.188,0.27,0.234,0.504,2024.0,0.368
328,김웅빈,2024,32,4,0,4,15,2,0,0.125,0.243,0.125,0.368,2025.0,0.35
328,김웅빈,2025,24,2,0,6,7,0,0,0.083,0.267,0.083,0.35,,
343,김용의,2021,27,4,0,9,5,2,6,0.148,0.351,0.222,0.573,,
350,고종욱,2021,180,48,2,16,30,18,2,0.267,0.323,0.328,0.651,2022.0,0.752
350,고종욱,2022,106,30,2,7,21,14,1,0.283,0.327,0.425,0.752,2023.0,0.722
350,고종욱,2023,270,80,3,14,58,39,2,0.296,0.329,0.393,0.722,2024.0,0.739
350,고종욱,2024,32,8,1,4,6,4,0,0.25,0.333,0.406,0.739,2025.0,0.708
350,고종욱,2025,115,34,3,5,17,16,2,0.296,0.317,0.391,0.708,,
351,고승민,2022,234,74,5,25,47,30,1,0.316,0.381,0.453,0.834,2023.0,0.649
351,고승민,2023,255,57,2,42,64,24,8,0.224,0.331,0.318,0.649,2024.0,0.834
351,고승민,2024,481,148,14,41,78,87,5,0.308,0.358,0.476,0.834,2025.0,0.7
351,고승민,2025,469,127,4,56,83,45,5,0.271,0.35,0.35,0.7,,
355,구본혁,2021,38,5,0,3,7,3,0,0.132,0.205,0.184,0.389,2024.0,
355,구본혁,2024,339,87,2,38,51,43,8,0.257,0.335,0.327,0.662,2025.0,0.717
355,구본혁,2025,343,98,1,36,44,38,10,0.286,0.364,0.353,0.717,,
359,구자욱,2021,543,166,22,48,98,88,27,0.306,0.361,0.519,0.88,2022.0,0.741
359,구자욱,2022,409,120,5,27,84,38,11,0.293,0.34,0.401,0.741,2023.0,0.901
359,구자욱,2023,453,152,11,53,81,71,12,0.336,0.407,0.494,0.901,2024.0,1.044
359,구자욱,2024,493,169,33,55,73,115,13,0.343,0.417,0.627,1.044,2025.0,0.918
359,구자욱,2025,529,169,19,73,91,96,4,0.319,0.402,0.516,0.918,,
361,국해성,2021,8,1,0,0,2,0,0,0.125,0.125,0.125,0.25,2023.0,
361,국해성,2023,8,2,0,2,3,1,0,0.25,0.4,0.25,0.65,,
364,권희동,2021,133,35,8,29,24,26,2,0.263,0.406,0.466,0.872,2022.0,0.654
364,권희동,2022,238,54,5,31,44,22,2,0.227,0.335,0.319,0.654,2023.0,0.793
364,권희동,2023,309,88,7,49,50,63,2,0.285,0.388,0.405,0.793,2024.0,0.869
364,권희동,2024,416,125,13,77,63,77,4,0.3,0.417,0.452,0.869,2025.0,0.756
364,권희동,2025,358,88,6,77,80,39,5,0.246,0.393,0.363,0.756,,
365,권정궁,2021,1,0,0,0,0,0,0,0.0,0.0,0.0,0.0,,
368,하주석,2021,525,143,10,51,135,68,23,0.272,0.346,0.392,0.738,2022.0,0.651
368,하주석,2022,445,115,5,31,126,58,20,0.258,0.309,0.342,0.651,2023.0,0.327
368,하주석,2023,35,4,0,2,10,2,0,0.114,0.184,0.143,0.327,2024.0,0.743
368,하주석,2024,137,40,1,10,33,11,1,0.292,0.349,0.394,0.743,2025.0,0.728
368,하주석,2025,276,82,4,12,66,28,2,0.297,0.337,0.391,0.728,,
371,한동휘,2021,424,113,17,61,95,69,0,0.267,0.364,0.443,0.807,2022.0,0.817
371,한동휘,2022,456,140,14,33,64,65,0,0.307,0.359,0.458,0.817,2023.0,0.583
371,한동휘,2023,319,71,5,26,58,32,1,0.223,0.279,0.304,0.583,2024.0,0.592
371,한동휘,2024,35,9,0,1,9,3,0,0.257,0.278,0.314,0.592,,
375,한석현,2021,21,6,0,3,7,1,2,0.286,0.385,0.476,0.861,2022.0,0.444
375,한석현,2022,9,2,0,0,3,0,0,0.222,0.222,0.222,0.444,2023.0,0.467
375,한석현,2023,60,12,0,4,20,2,2,0.2,0.25,0.217,0.467,2024.0,0.605
375,한석현,2024,73,18,0,2,22,3,2,0.247,0.276,0.329,0.605,2025.0,0.625
375,한석현,2025,113,22,3,12,27,21,1,0.195,0.306,0.319,0.625,,
376,한승택,2021,203,44,3,28,61,16,0,0.217,0.321,0.296,0.617,2022.0,0.486
376,한승택,2022,102,18,1,9,30,12,0,0.176,0.261,0.225,0.486,2023.0,0.398
376,한승택,2023,85,11,0,11,32,3,0,0.129,0.245,0.153,0.398,2024.0,0.74
376,한승택,2024,11,3,0,4,1,2,0,0.273,0.467,0.273,0.74,2025.0,0.59
376,한승택,2025,21,5,0,1,7,0,0,0.238,0.304,0.286,0.59,,
378,한유섬,2021,442,123,31,60,96,95,1,0.278,0.373,0.534,0.907,2022.0,0.85
378,한유섬,2022,458,121,21,66,137,100,1,0.264,0.372,0.478,0.85,2023.0,0.748
378,한유섬,2023,333,91,7,34,81,55,2,0.273,0.355,0.393,0.748,2024.0,0.767
378,한유섬,2024,464,109,24,46,142,87,0,0.235,0.314,0.453,0.767,2025.0,0.771
378,한유섬,2025,455,124,15,46,120,71,1,0.273,0.347,0.424,0.771,,
379,허도환,2021,105,29,2,8,28,21,0,0.276,0.339,0.39,0.729,2022.0,0.622
379,허도환,2022,85,21,1,2,26,6,0,0.247,0.281,0.341,0.622,2023.0,0.524
379,허도환,2023,64,9,2,3,20,10,0,0.141,0.243,0.281,0.524,2024.0,0.463
379,허도환,2024,80,11,0,9,26,11,0,0.138,0.3,0.163,0.463,,
380,허경민,2021,468,130,5,36,35,59,5,0.278,0.338,0.365,0.703,2022.0,0.758
380,허경민,2022,432,125,8,36,40,60,10,0.289,0.36,0.398,0.758,2023.0,0.703
380,허경민,2023,429,115,7,35,26,48,9,0.268,0.328,0.375,0.703,2024.0,0.811
380,허경민,2024,417,129,7,36,25,61,5,0.309,0.384,0.427,0.811,2025.0,0.717
380,허경민,2025,420,119,4,39,35,44,4,0.283,0.362,0.355,0.717,,
382,허정협,2021,45,7,0,7,10,2,0,0.156,0.269,0.156,0.425,,
385,홍창기,2021,524,172,4,109,95,52,23,0.328,0.456,0.408,0.864,2022.0,0.745
385,홍창기,2022,437,125,1,59,75,51,13,0.286,0.39,0.355,0.745,2023.0,0.856
385,홍창기,2023,524,174,1,88,83,65,23,0.332,0.444,0.412,0.856,2024.0,0.857
385,홍창기,2024,524,176,5,96,93,73,10,0.336,0.447,0.41,0.857,2025.0,0.727
385,홍창기,2025,174,50,1,29,40,16,3,0.287,0.399,0.328,0.727,,
386,홍현빈,2021,11,2,0,0,8,0,0,0.182,0.182,0.182,0.364,2022.0,0.589
386,홍현빈,2022,76,18,0,10,26,1,4,0.237,0.326,0.263,0.589,2023.0,0.609
386,홍현빈,2023,73,17,0,13,21,1,2,0.233,0.349,0.26,0.609,2024.0,0.666
386,홍현빈,2024,18,4,0,3,7,2,0,0.222,0.333,0.333,0.666,2025.0,0.41
386,홍현빈,2025,32,4,0,3,8,0,0,0.125,0.222,0.188,0.41,,
389,홍종표,2023,7,0,0,3,1,0,0,0.0,0.364,0.0,0.364,2024.0,0.729
389,홍종표,2024,105,31,0,6,31,11,5,0.295,0.339,0.39,0.729,2025.0,0.475
389,홍종표,2025,52,10,0,7,14,1,1,0.192,0.283,0.192,0.475,2025.0,
389,홍종표,2025,21,2,0,0,9,2,0,0.095,0.095,0.095,0.19,,
398,황대인,2021,282,67,13,18,62,45,0,0.238,0.283,0.418,0.701,2022.0,0.716
398,황대인,2022,476,122,14,36,92,91,0,0.256,0.315,0.401,0.716,2023.0,0.618
398,황대인,2023,174,37,5,18,50,26,0,0.213,0.296,0.322,0.618,2024.0,0.715
398,황대인,2024,7,2,0,0,1,3,0,0.286,0.286,0.429,0.715,2025.0,0.53
398,황대인,2025,53,10,1,3,14,8,0,0.189,0.228,0.302,0.53,,
401,황재균,2021,453,132,10,46,92,56,11,0.291,0.358,0.402,0.76,2022.0,0.715
401,황재균,2022,519,136,10,53,99,64,6,0.262,0.335,0.38,0.715,2023.0,0.779
401,황재균,2023,407,120,6,45,64,49,3,0.295,0.366,0.413,0.779,2024.0,0.692
401,황재균,2024,493,128,13,34,95,58,4,0.26,0.309,0.383,0.692,2025.0,0.715
401,황재균,2025,385,106,7,34,84,48,3,0.275,0.336,0.379,0.715,,
406,황윤호,2021,17,3,0,1,3,0,0,0.176,0.263,0.176,0.439,,
411,이병규,2021,34,8,0,8,14,4,0,0.235,0.395,0.235,0.63,,
413,이창진,2021,249,52,3,36,54,33,5,0.209,0.308,0.285,0.593,2022.0,0.776
413,이창진,2022,346,104,7,41,63,48,3,0.301,0.374,0.402,0.776,2023.0,0.751
413,이창진,2023,244,66,4,34,44,29,9,0.27,0.362,0.389,0.751,2024.0,0.731
413,이창진,2024,191,50,1,45,36,18,4,0.262,0.401,0.33,0.731,2025.0,0.521
413,이창진,2025,93,15,1,16,22,9,0,0.161,0.295,0.226,0.521,,
415,이천웅,2021,181,36,2,25,23,16,3,0.199,0.305,0.271,0.576,2022.0,0.504
415,이천웅,2022,20,4,0,3,3,0,0,0.2,0.304,0.2,0.504,2023.0,2.0
415,이천웅,2023,3,3,0,0,0,1,0,1.0,1.0,1.0,2.0,,
416,이대호,2021,420,120,19,34,50,81,0,0.286,0.342,0.448,0.79,2022.0,0.881
416,이대호,2022,540,179,23,43,56,101,0,0.331,0.379,0.502,0.881,,
423,이도윤,2021,63,11,0,4,18,2,1,0.175,0.224,0.175,0.399,2022.0,0.461
423,이도윤,2022,113,18,1,8,30,8,3,0.159,0.213,0.248,0.461,2023.0,0.619
423,이도윤,2023,309,78,1,18,55,13,11,0.252,0.302,0.317,0.619,2024.0,0.665
423,이도윤,2024,336,93,1,26,56,46,6,0.277,0.332,0.333,0.665,2025.0,0.636
423,이도윤,2025,250,65,1,11,52,36,1,0.26,0.296,0.34,0.636,,
433,이해창,2021,54,9,0,1,13,4,0,0.167,0.193,0.222,0.415,2022.0,0.0
433,이해창,2022,10,0,0,0,2,0,0,0.0,0.0,0.0,0.0,,
434,이학주,2021,155,32,4,14,61,20,2,0.206,0.276,0.335,0.611,2022.0,0.565
434,이학주,2022,232,48,3,16,54,15,2,0.207,0.263,0.302,0.565,2023.0,0.596
434,이학주,2023,110,23,3,11,31,13,4,0.209,0.287,0.309,0.596,2024.0,0.709
434,이학주,2024,95,25,2,6,44,4,0,0.263,0.32,0.389,0.709,,
435,이흥련,2021,127,30,3,12,31,14,0,0.236,0.326,0.331,0.657,2022.0,0.428
435,이흥련,2022,45,6,0,5,22,1,0,0.133,0.25,0.178,0.428,2023.0,0.474
435,이흥련,2023,14,1,1,2,6,2,0,0.071,0.188,0.286,0.474,,
437,이홍구,2021,55,9,1,2,28,5,0,0.164,0.19,0.218,0.408,,
440,이호연,2021,9,2,0,1,1,1,0,0.222,0.273,0.222,0.495,2022.0,0.621
440,이호연,2022,205,50,2,11,38,16,3,0.244,0.289,0.332,0.621,2023.0,0.693
440,이호연,2023,212,59,3,16,41,17,4,0.278,0.339,0.354,0.693,2024.0,0.338
440,이호연,2024,41,6,0,1,12,0,0,0.146,0.167,0.171,0.338,2025.0,0.864
440,이호연,2025,70,24,1,3,14,8,0,0.343,0.378,0.486,0.864,,
443,이형종,2021,239,52,10,34,65,34,3,0.218,0.332,0.389,0.721,2022.0,0.644
443,이형종,2022,53,14,0,5,10,7,0,0.264,0.323,0.321,0.644,2023.0,0.646
443,이형종,2023,316,68,3,39,78,37,0,0.215,0.326,0.32,0.646,2024.0,0.723
443,이형종,2024,102,22,4,22,27,19,1,0.216,0.36,0.363,0.723,2025.0,0.629
443,이형종,2025,70,14,2,9,22,6,1,0.2,0.3,0.329,0.629,,
445,이현석,2021,79,21,4,4,29,19,0,0.266,0.302,0.481,0.783,2022.0,0.266
445,이현석,2022,15,2,0,0,5,1,0,0.133,0.133,0.133,0.266,,
450,이재원,2021,271,76,3,29,47,30,0,0.28,0.358,0.362,0.72,2022.0,0.574
450,이재원,2022,234,47,4,25,44,28,1,0.201,0.296,0.278,0.574,2023.0,0.242
450,이재원,2023,44,4,0,2,8,2,0,0.091,0.128,0.114,0.242,2024.0,0.578
450,이재원,2024,134,32,1,7,21,16,0,0.239,0.287,0.291,0.578,2025.0,0.536
450,이재원,2025,125,25,1,14,23,12,1,0.2,0.28,0.256,0.536,,
451,이재율,2021,15,3,0,0,3,1,1,0.2,0.294,0.333,0.627,,
452,이정후,2021,464,167,7,62,37,84,10,0.36,0.438,0.522,0.96,2022.0,0.996
452,이정후,2022,553,193,23,66,32,113,5,0.349,0.421,0.575,0.996,2023.0,0.861
452,이정후,2023,330,105,6,49,23,45,6,0.318,0.406,0.455,0.861,,
453,이정훈,2021,129,32,2,19,33,14,0,0.248,0.358,0.341,0.699,2022.0,0.2
453,이정훈,2022,8,0,0,2,3,0,0,0.0,0.2,0.0,0.2,2023.0,0.719
453,이정훈,2023,152,45,1,13,28,17,1,0.296,0.357,0.362,0.719,2024.0,0.754
453,이정훈,2024,100,30,0,13,21,18,0,0.3,0.374,0.38,0.754,2025.0,0.717
453,이정훈,2025,132,34,4,13,48,14,0,0.258,0.338,0.379,0.717,,
456,이진영,2021,40,8,2,3,22,5,1,0.2,0.319,0.45,0.769,2022.0,0.627
456,이진영,2022,220,44,8,17,90,31,2,0.2,0.254,0.373,0.627,2023.0,0.738
456,이진영,2023,358,89,10,53,127,50,5,0.249,0.344,0.394,0.738,2024.0,0.583
456,이진영,2024,93,19,1,8,27,13,0,0.204,0.282,0.301,0.583,2025.0,0.767
456,이진영,2025,321,88,11,38,93,43,1,0.274,0.35,0.417,0.767,,
457,이지영,2021,233,64,0,19,17,31,3,0.275,0.328,0.305,0.633,2022.0,0.634
457,이지영,2022,420,112,2,20,44,37,1,0.267,0.303,0.331,0.634,2023.0,0.586
457,이지영,2023,217,54,0,12,39,8,1,0.249,0.291,0.295,0.586,2024.0,0.669
457,이지영,2024,398,111,5,18,35,50,8,0.279,0.32,0.349,0.669,2025.0,0.608
457,이지영,2025,197,47,3,11,22,18,2,0.239,0.283,0.325,0.608,,
467,이주형,2021,16,2,0,1,7,0,2,0.125,0.222,0.125,0.347,2023.0,
467,이주형,2023,15,4,0,0,5,2,0,0.267,0.313,0.4,0.713,2023.0,
467,이주형,2023,200,66,6,19,48,34,3,0.33,0.396,0.515,0.911,2024.0,0.754
467,이주형,2024,473,126,13,49,119,60,6,0.266,0.352,0.402,0.754,2025.0,0.705
467,이주형,2025,446,107,11,37,115,45,15,0.24,0.337,0.368,0.705,,
472,이명기,2021,191,56,2,37,27,14,6,0.293,0.41,0.387,0.797,2022.0,0.648
472,이명기,2022,300,78,0,30,56,23,5,0.26,0.331,0.317,0.648,2023.0,0.414
472,이명기,2023,40,7,0,2,9,5,1,0.175,0.214,0.2,0.414,2024.0,0.0
472,이명기,2024,7,0,0,0,3,1,0,0.0,0.0,0.0,0.0,,
475,이상호,2021,65,20,0,1,10,12,2,0.308,0.318,0.338,0.656,2022.0,0.577
475,이상호,2022,72,18,0,4,6,5,1,0.25,0.299,0.278,0.577,2023.0,0.346
475,이상호,2023,54,8,0,2,9,5,2,0.148,0.179,0.167,0.346,,
477,이성곤,2021,2,0,0,0,1,0,0,0.0,0.0,0.0,0.0,2021.0,
477,이성곤,2021,172,46,1,29,52,24,0,0.267,0.38,0.378,0.758,2022.0,0.55
477,이성곤,2022,99,19,0,17,32,5,1,0.192,0.308,0.242,0.55,2023.0,0.343
477,이성곤,2023,14,2,0,1,3,0,0,0.143,0.2,0.143,0.343,,
478,이성규,2022,27,2,0,5,8,1,0,0.074,0.265,0.074,0.339,2023.0,0.569
478,이성규,2023,145,30,1,8,42,18,4,0.207,0.259,0.31,0.569,2024.0,0.839
478,이성규,2024,302,73,22,31,109,57,9,0.242,0.339,0.5,0.839,2025.0,0.724
478,이성규,2025,126,25,6,15,52,21,2,0.198,0.327,0.397,0.724,,
479,이성우,2021,33,7,0,1,8,2,0,0.212,0.235,0.212,0.447,,
480,이성열,2021,119,25,2,18,36,20,1,0.21,0.314,0.328,0.642,,
486,이시원,2021,53,10,0,3,12,2,2,0.189,0.259,0.208,0.467,2022.0,0.321
486,이시원,2022,15,2,0,0,4,1,2,0.133,0.188,0.133,0.321,2023.0,0.332
486,이시원,2023,29,4,0,2,6,1,0,0.138,0.194,0.138,0.332,,
492,이우성,2021,85,17,0,13,17,4,2,0.2,0.303,0.259,0.562,2022.0,0.736
492,이우성,2022,120,35,1,12,20,12,1,0.292,0.361,0.375,0.736,2023.0,0.78
492,이우성,2023,355,107,8,31,81,58,8,0.301,0.363,0.417,0.78,2024.0,0.762
492,이우성,2024,399,115,9,44,89,54,7,0.288,0.361,0.401,0.762,2025.0,0.642
492,이우성,2025,155,34,2,18,37,15,0,0.219,0.307,0.335,0.642,2025.0,
492,이우성,2025,145,41,1,13,29,18,2,0.283,0.338,0.386,0.724,,
494,이원재,2021,65,15,0,1,11,7,1,0.231,0.25,0.262,0.512,,
495,이원석,2021,399,92,9,60,80,59,1,0.231,0.341,0.346,0.687,2021.0,
495,이원석,2021,114,20,1,8,43,9,4,0.175,0.238,0.228,0.466,2022.0,0.763
495,이원석,2022,288,77,10,33,70,60,0,0.267,0.346,0.417,0.763,2022.0,
495,이원석,2022,35,4,1,3,18,1,0,0.114,0.184,0.2,0.384,2023.0,0.969
495,이원석,2023,58,21,1,14,8,10,0,0.362,0.486,0.483,0.969,2023.0,
495,이원석,2023,247,54,1,20,59,20,0,0.219,0.283,0.255,0.538,2023.0,
495,이원석,2023,116,22,0,21,33,8,13,0.19,0.319,0.216,0.535,2024.0,0.594
495,이원석,2024,91,20,0,14,18,8,0,0.22,0.33,0.264,0.594,2024.0,
495,이원석,2024,133,31,0,16,32,13,8,0.233,0.322,0.278,0.6,2025.0,0.393
495,이원석,2025,7,1,0,1,2,0,0,0.143,0.25,0.143,0.393,2025.0,
495,이원석,2025,212,43,4,23,51,24,22,0.203,0.29,0.292,0.582,,
501,이용규,2021,459,136,1,71,46,43,17,0.296,0.392,0.373,0.765,2022.0,0.547
501,이용규,2022,271,54,0,45,42,21,12,0.199,0.326,0.221,0.547,2023.0,0.591
501,이용규,2023,154,36,0,19,22,11,2,0.234,0.318,0.273,0.591,2024.0,0.801
501,이용규,2024,183,56,1,31,33,12,2,0.306,0.429,0.372,0.801,2025.0,0.518
501,이용규,2025,37,8,0,3,8,0,1,0.216,0.275,0.243,0.518,,
503,이유찬,2022,29,7,1,0,12,2,1,0.241,0.233,0.345,0.578,2023.0,0.626
503,이유찬,2023,210,51,1,20,51,16,12,0.243,0.316,0.31,0.626,2024.0,0.705
503,이유찬,2024,231,64,3,22,51,23,16,0.277,0.341,0.364,0.705,2025.0,0.618
503,이유찬,2025,269,65,1,33,66,16,12,0.242,0.328,0.29,0.618,,
504,임병욱,2023,208,54,6,10,75,36,4,0.26,0.293,0.409,0.702,2024.0,0.651
504,임병욱,2024,87,21,3,4,32,10,1,0.241,0.272,0.379,0.651,2025.0,0.612
504,임병욱,2025,133,31,2,5,33,13,1,0.233,0.259,0.353,0.612,,
511,임지열,2021,25,3,0,4,10,0,0,0.12,0.267,0.12,0.387,2022.0,0.675
511,임지열,2022,131,36,1,10,43,15,1,0.275,0.331,0.344,0.675,2023.0,0.72
511,임지열,2023,212,55,5,28,64,35,1,0.259,0.352,0.368,0.72,2024.0,0.374
511,임지열,2024,49,5,1,7,16,5,0,0.102,0.211,0.163,0.374,2025.0,0.704
511,임지열,2025,369,90,11,42,111,50,13,0.244,0.322,0.382,0.704,,
512,임종찬,2021,131,20,1,12,49,8,0,0.153,0.229,0.214,0.443,2022.0,0.549
512,임종찬,2022,53,10,2,3,23,6,0,0.189,0.228,0.321,0.549,2024.0,
512,임종찬,2024,57,9,0,6,19,7,0,0.158,0.25,0.281,0.531,2025.0,0.586
512,임종찬,2025,30,5,1,5,13,2,2,0.167,0.286,0.3,0.586,,
517,장두성,2021,36,8,0,5,12,4,4,0.222,0.317,0.333,0.65,2022.0,0.495
517,장두성,2022,23,4,0,5,11,0,4,0.174,0.321,0.174,0.495,2023.0,0.368
517,장두성,2023,13,2,0,1,3,1,2,0.154,0.214,0.154,0.368,2024.0,0.426
517,장두성,2024,32,5,0,3,9,1,14,0.156,0.27,0.156,0.426,2025.0,0.63
517,장두성,2025,248,65,0,24,64,25,17,0.262,0.332,0.298,0.63,,
525,장진혁,2022,116,27,2,12,28,17,2,0.233,0.298,0.302,0.6,2023.0,0.552
525,장진혁,2023,162,36,0,15,41,12,5,0.222,0.287,0.265,0.552,2024.0,0.747
525,장진혁,2024,289,76,9,29,72,44,14,0.263,0.335,0.412,0.747,2025.0,0.606
525,장진혁,2025,139,29,4,13,46,19,1,0.209,0.275,0.331,0.606,,
527,장준원,2021,3,0,0,0,0,0,0,0.0,0.0,0.0,0.0,2022.0,0.722
527,장준원,2022,57,14,3,3,17,10,1,0.246,0.283,0.439,0.722,2023.0,0.53
527,장준원,2023,87,15,1,12,25,10,3,0.172,0.277,0.253,0.53,2024.0,0.349
527,장준원,2024,14,1,0,4,5,0,0,0.071,0.278,0.071,0.349,2025.0,0.498
527,장준원,2025,140,29,1,8,27,11,0,0.207,0.248,0.25,0.498,,
530,장성우,2021,385,89,14,60,69,63,1,0.231,0.337,0.374,0.711,2022.0,0.792
530,장성우,2022,362,94,18,52,79,55,1,0.26,0.353,0.439,0.792,2023.0,0.773
530,장성우,2023,410,118,11,42,70,65,1,0.288,0.351,0.422,0.773,2024.0,0.805
530,장성우,2024,418,112,19,60,86,81,5,0.268,0.355,0.45,0.805,2025.0,0.713
530,장성우,2025,413,102,14,55,96,58,0,0.247,0.333,0.38,0.713,,
531,장승현,2021,177,41,2,19,50,27,0,0.232,0.332,0.322,0.654,2022.0,0.514
531,장승현,2022,96,20,0,5,27,9,0,0.208,0.274,0.24,0.514,2023.0,0.465
531,장승현,2023,139,22,3,6,36,9,1,0.158,0.235,0.23,0.465,2024.0,0.573
531,장승현,2024,20,4,0,2,5,0,0,0.2,0.273,0.3,0.573,2025.0,0.0
531,장승현,2025,2,0,0,0,0,0,0,0.0,0.0,0.0,0.0,,
533,장운호,2021,285,67,0,36,77,28,3,0.235,0.332,0.27,0.602,2022.0,0.627
533,장운호,2022,122,29,1,17,24,15,0,0.238,0.34,0.287,0.627,2023.0,0.586
533,장운호,2023,9,2,0,2,2,1,0,0.222,0.364,0.222,0.586,,
539,전병우,2021,214,40,6,33,83,31,3,0.187,0.319,0.308,0.627,2022.0,0.603
539,전병우,2022,197,40,5,17,68,21,0,0.203,0.288,0.315,0.603,2023.0,0.516
539,전병우,2023,62,9,1,10,28,6,0,0.145,0.274,0.242,0.516,2024.0,0.718
539,전병우,2024,111,25,5,14,42,14,0,0.225,0.313,0.405,0.718,2025.0,0.761
539,전병우,2025,77,21,1,19,27,13,1,0.273,0.423,0.338,0.761,,
546,전준우,2021,552,192,7,53,71,92,6,0.348,0.405,0.469,0.874,2022.0,0.795
546,전준우,2022,470,143,11,35,73,68,6,0.304,0.35,0.445,0.795,2023.0,0.852
546,전준우,2023,493,154,17,52,65,77,9,0.312,0.381,0.471,0.852,2024.0,0.854
546,전준우,2024,423,124,17,49,84,82,3,0.293,0.369,0.485,0.854,2025.0,0.789
546,전준우,2025,410,120,8,44,71,70,2,0.293,0.369,0.42,0.789,,
547,전민재,2021,4,1,0,0,2,1,0,0.25,0.2,0.25,0.45,2022.0,0.6
547,전민재,2022,45,13,0,0,12,0,3,0.289,0.289,0.311,0.6,2023.0,0.588
547,전민재,2023,17,4,0,0,3,1,0,0.235,0.235,0.353,0.588,2024.0,0.599
547,전민재,2024,248,61,2,17,53,32,7,0.246,0.301,0.298,0.599,2025.0,0.715
547,전민재,2025,331,95,5,22,63,34,3,0.287,0.337,0.378,0.715,,
548,전민수,2021,98,25,3,11,23,16,0,0.255,0.33,0.378,0.708,2022.0,0.618
548,전민수,2022,40,11,0,1,14,2,0,0.275,0.293,0.325,0.618,,
550,정범모,2021,19,4,1,2,4,5,0,0.211,0.318,0.421,0.739,2022.0,0.286
550,정범모,2022,7,1,0,0,1,1,0,0.143,0.143,0.143,0.286,,
551,정보근,2021,18,5,0,2,2,0,0,0.278,0.35,0.278,0.628,2022.0,0.466
551,정보근,2022,199,38,1,14,55,15,1,0.191,0.25,0.216,0.466,2023.0,0.902
551,정보근,2023,81,27,1,14,13,13,1,0.333,0.433,0.469,0.902,2024.0,0.529
551,정보근,2024,133,30,2,3,31,7,0,0.226,0.243,0.286,0.529,2025.0,0.547
551,정보근,2025,129,24,1,18,39,15,0,0.186,0.291,0.256,0.547,,
554,정은원,2021,495,140,6,105,105,39,19,0.283,0.407,0.384,0.791,2022.0,0.745
554,정은원,2022,508,139,8,85,109,49,10,0.274,0.377,0.368,0.745,2023.0,0.601
554,정은원,2023,388,86,2,62,73,30,6,0.222,0.333,0.268,0.601,2024.0,0.609
554,정은원,2024,64,11,1,13,16,6,2,0.172,0.312,0.297,0.609,,
564,정훈,2021,486,142,14,68,89,79,8,0.292,0.38,0.438,0.818,2022.0,0.62
564,정훈,2022,294,72,3,32,66,32,4,0.245,0.317,0.303,0.62,2023.0,0.796
564,정훈,2023,201,56,6,26,39,31,2,0.279,0.358,0.438,0.796,2024.0,0.775
564,정훈,2024,285,76,9,35,63,47,1,0.267,0.343,0.432,0.775,2025.0,0.576
564,정훈,2025,185,40,2,10,40,11,0,0.216,0.268,0.308,0.576,,
565,정현,2021,21,4,0,3,4,0,0,0.19,0.37,0.286,0.656,2021.0,
565,정현,2021,96,22,0,14,20,7,0,0.229,0.351,0.281,0.632,,
569,정진기,2021,7,0,0,0,2,0,0,0.0,0.0,0.0,0.0,2021.0,
569,정진기,2021,186,43,6,10,37,21,6,0.231,0.274,0.371,0.645,2022.0,0.554
569,정진기,2022,53,10,1,6,19,4,1,0.189,0.271,0.283,0.554,,
570,정진호,2021,145,33,0,15,22,15,4,0.228,0.301,0.29,0.591,,
573,정주현,2021,181,43,3,24,32,10,3,0.238,0.327,0.337,0.664,2023.0,
573,정주현,2023,88,24,1,9,16,12,1,0.273,0.337,0.33,0.667,,
574,정상호,2021,3,0,0,0,2,0,0,0.0,0.0,0.0,0.0,,
578,정수빈,2021,313,81,3,29,50,37,12,0.259,0.326,0.374,0.7,2022.0,0.654
578,정수빈,2022,405,105,3,39,56,41,15,0.259,0.323,0.331,0.654,2023.0,0.746
578,정수빈,2023,498,143,2,64,63,33,39,0.287,0.375,0.371,0.746,2024.0,0.737
578,정수빈,2024,510,145,4,71,72,47,52,0.284,0.376,0.361,0.737,2025.0,0.703
578,정수빈,2025,462,119,6,61,57,38,26,0.258,0.355,0.348,0.703,,
581,정의윤,2021,165,38,7,11,37,24,0,0.23,0.275,0.37,0.645,,
587,지석훈,2021,34,5,0,6,12,2,0,0.147,0.302,0.176,0.478,,
588,임시완,2021,166,40,7,14,54,26,0,0.241,0.319,0.422,0.741,2022.0,0.604
588,임시완,2022,174,37,3,20,55,17,0,0.213,0.299,0.305,0.604,2023.0,0.25
588,임시완,2023,8,1,0,0,5,0,0,0.125,0.125,0.125,0.25,,
609,조수행,2021,84,24,1,16,26,8,21,0.286,0.417,0.369,0.786,2022.0,0.606
609,조수행,2022,119,28,1,10,31,9,22,0.235,0.295,0.311,0.606,2023.0,0.549
609,조수행,2023,219,48,1,23,38,17,26,0.219,0.298,0.251,0.549,2024.0,0.627
609,조수행,2024,328,87,0,33,53,30,64,0.265,0.334,0.293,0.627,2025.0,0.6
609,조수행,2025,119,29,0,14,29,9,30,0.244,0.323,0.277,0.6,,
613,조용호,2021,428,101,0,74,85,48,12,0.236,0.349,0.273,0.622,2022.0,0.756
613,조용호,2022,474,146,3,49,74,44,5,0.308,0.374,0.382,0.756,2023.0,0.603
613,조용호,2023,161,40,0,23,25,7,4,0.248,0.342,0.261,0.603,2024.0,0.591
613,조용호,2024,149,37,0,13,25,13,5,0.248,0.309,0.282,0.591,,
615,주효상,2023,32,2,0,2,10,1,0,0.063,0.118,0.063,0.181,2025.0,
615,주효상,2025,15,5,0,2,4,1,0,0.333,0.412,0.467,0.879,,
